,Income,Family,CCAvg,Education,Mortgage,SecuritiesAccount,CDAccount,Online,CreditCard
0,149.0,4.0,0.34,2.0,0,0,0,0,1
1,143.0,3.0,1.1900000000000002,2.0,383,0,0,1,0
2,173.0,3.0,1.02,2.0,0,1,0,1,0
3,171.0,2.0,0.085,2.0,0,0,0,1,0
4,165.0,2.0,1.7850000000000001,2.0,0,0,0,1,0
5,161.0,2.0,2.975,2.0,0,0,0,1,0
6,157.0,2.0,0.8500000000000001,2.0,0,0,0,0,0
7,157.0,4.0,1.1900000000000002,2.0,95,1,0,1,0
8,143.0,4.0,0.935,2.0,0,0,0,1,0
