,Income,Family,CCAvg,Education,Mortgage,SecuritiesAccount,CDAccount,Online,CreditCard
0,177.0,2.0,1.1900000000000002,2.0,0,1,0,1,0
1,159.0,2.0,2.975,2.0,0,0,0,1,0
2,161.0,3.0,1.7850000000000001,2.0,126,0,0,1,1
3,163.0,2.0,2.4650000000000003,2.0,0,0,0,0,1
4,149.0,4.0,1.105,2.0,95,1,0,1,0
5,161.0,2.0,2.21,2.0,0,0,0,1,0
