,Income,Family,CCAvg,Education,Mortgage,SecuritiesAccount,CDAccount,Online,CreditCard
0,165.0,2.0,1.7000000000000002,2.0,0,0,0,1,0
1,157.0,2.0,1.105,2.0,0,0,0,0,0
2,169.0,2.0,2.4650000000000003,2.0,0,0,0,0,1
3,151.0,4.0,1.105,2.0,95,1,0,1,0
4,163.0,2.0,2.21,2.0,0,0,0,1,0
